date_tt,cpi_annualized,cpi_quarterly,dc,dinve,dw,dy,inf_exp_1_step,inf_exp_2_step,inf_exp_3_step,inf_exp_4_step,inf_fore_1,inf_fore_1_4,labobs,pinfobs,robs
01-Jul-47,NaN,2.18083,0.125190343,3.745902458,0.416251918,-0.346646872,NaN,NaN,NaN,NaN,NaN,NaN,2.7357348,1.733212889,0.209166667
01-Oct-47,NaN,2.83089,-0.31135055,7.863266525,-0.027242832,1.151612395,NaN,NaN,NaN,NaN,NaN,NaN,3.456270123,2.482239773,0.251666667
01-Jan-48,NaN,2.11877,0.429219445,3.036307347,1.737280132,1.160385228,NaN,NaN,NaN,NaN,NaN,NaN,4.019310799,0.760128271,0.2725
01-Apr-48,NaN,1.59492,1.102048148,1.053554675,0.547969318,1.533762346,NaN,NaN,NaN,NaN,NaN,NaN,4.023732377,0.883676382,0.275
01-Jul-48,NaN,1.68102,-0.514535875,-0.054366833,0.317624876,0.24768822,NaN,NaN,NaN,NaN,NaN,NaN,4.003643049,1.840954156,0.2875
01-Oct-48,NaN,-0.91543,0.096051145,-0.410564068,1.049885518,0.073908441,NaN,NaN,NaN,NaN,NaN,NaN,3.251276194,0.247338225,0.31
01-Jan-49,NaN,-0.95146,-0.38211984,-5.984676368,0.86712137,-1.664382734,NaN,NaN,NaN,NaN,NaN,NaN,2.364359323,-0.398455007,0.3175
01-Apr-49,NaN,-0.11137,1.756254797,-2.406161522,0.824823679,-0.539529184,NaN,NaN,NaN,NaN,NaN,NaN,0.596330769,-1.100950873,0.3175
01-Jul-49,NaN,-0.83624,-0.038180903,-1.244116121,1.020414667,0.836766661,NaN,NaN,NaN,NaN,NaN,NaN,-0.229965841,-0.576582595,0.285833333
01-Oct-49,NaN,-0.23893,0.95291519,2.926014199,-0.146263779,-1.312679612,NaN,NaN,NaN,NaN,NaN,NaN,0.158241798,0.098376791,0.294166667
01-Jan-50,NaN,-0.30995,1.501054728,5.856546539,2.849708068,3.727529446,NaN,NaN,NaN,NaN,NaN,NaN,0.356675086,-0.307749366,0.300833333
01-Apr-50,NaN,0.76314,1.440212273,9.868647321,1.422483886,2.66242881,NaN,NaN,NaN,NaN,NaN,NaN,2.146412399,0.39374974,0.313333333
01-Jul-50,NaN,1.83731,4.763153387,7.802501179,-0.171366951,3.629793905,NaN,NaN,NaN,NaN,NaN,NaN,3.582364982,2.090245016,0.33
01-Oct-50,NaN,2.02451,-2.956828763,-1.845391394,0.866764319,2.058564266,NaN,NaN,NaN,NaN,NaN,NaN,4.254070813,1.905954062,0.359166667
01-Jan-51,NaN,4.06317,2.163271905,-3.770263433,-1.272124556,1.4799435,NaN,NaN,NaN,NaN,NaN,NaN,5.092146748,3.66078176,0.366666667
01-Apr-51,NaN,0.97289,-2.509746522,-3.578560528,1.323260988,1.862936388,NaN,NaN,NaN,NaN,NaN,NaN,5.241191933,0.612385674,0.3975
01-Jul-51,NaN,-0.05139,1.216886587,-1.093972208,1.409743045,1.942144917,NaN,NaN,NaN,NaN,NaN,NaN,4.74468947,0.056513141,0.425833333
01-Oct-51,NaN,1.47815,0.610431493,-1.296203957,0.303100635,-0.023129631,NaN,NaN,NaN,NaN,NaN,NaN,4.733798531,1.101258461,0.4275
01-Jan-52,NaN,0.37999,0.59563118,1.781970841,1.479948118,0.923349585,NaN,NaN,NaN,NaN,NaN,NaN,5.358824336,-0.095038442,0.416666667
01-Apr-52,NaN,0.26498,1.625155654,1.439904457,0.619896299,-0.066681549,NaN,NaN,NaN,NaN,NaN,NaN,4.379094118,0.189986646,0.436666667
01-Jul-52,NaN,0.67959,-0.31899389,-7.683570541,-0.251197069,0.327554218,NaN,NaN,NaN,NaN,NaN,NaN,4.211541387,1.143440522,0.470833333
01-Oct-52,NaN,0.1125,2.985331174,6.555164697,2.232047829,2.889999516,NaN,NaN,NaN,NaN,NaN,NaN,5.050309881,0.292083644,0.498333333
01-Jan-53,NaN,-0.28718,0.654750609,3.05398252,1.167253972,0.952820153,NaN,NaN,NaN,NaN,NaN,NaN,6.122735157,0,0.52
01-Apr-53,NaN,0.37566,0.369727761,0.700180829,1.126581917,0.538329848,NaN,NaN,NaN,NaN,NaN,NaN,4.855273831,0.186926219,0.563333333
01-Jul-53,NaN,0.46158,-0.303738496,0.308251212,0.699359133,-0.825008405,NaN,NaN,NaN,NaN,NaN,NaN,3.56553831,0.383751362,0.514166667
01-Oct-53,NaN,0.17385,-0.771388493,-1.836040898,0.659747546,-1.928421691,NaN,NaN,NaN,NaN,NaN,NaN,1.975743998,0.218627109,0.393333333
01-Jan-54,NaN,0.23553,0.184604162,-2.336529469,0.549121336,-0.840551809,NaN,NaN,NaN,NaN,NaN,NaN,1.040132811,0.32160503,0.29
01-Apr-54,NaN,-0.16077,0.811455305,1.664731125,0.016974881,-0.186697026,NaN,NaN,NaN,NaN,NaN,NaN,0.301246203,0.092474236,0.2225
01-Jul-54,NaN,-0.26013,0.576932145,3.525080374,0.610678666,0.852539362,NaN,NaN,NaN,NaN,NaN,NaN,-0.158439613,0.179265061,0.256666667
01-Oct-54,NaN,-0.31048,1.37724386,1.665617428,0.681232682,1.645737088,NaN,NaN,NaN,NaN,NaN,NaN,0.550936005,0.28182773,0.246666667
01-Jan-55,NaN,0.13704,1.737270186,3.085796857,0.286857737,2.521638889,NaN,NaN,NaN,NaN,NaN,NaN,1.643828509,0.48052356,0.335833333
01-Apr-55,NaN,-0.13685,1.217028141,4.216929986,0.615386452,1.256659774,NaN,NaN,NaN,NaN,NaN,NaN,2.786407419,0.419242753,0.375
01-Jul-55,NaN,0.07475,0.559847441,2.344092241,0.481329822,1.003938664,NaN,NaN,NaN,NaN,NaN,NaN,4.269590127,0.742782692,0.485
01-Oct-55,NaN,0.29877,0.239131064,0.079332511,0.202837983,0.260082683,NaN,NaN,NaN,NaN,NaN,NaN,5.099890509,1.006471045,0.589166667
01-Jan-56,NaN,0.01241,-0.674629817,-1.276361606,0.543672449,-0.738394948,NaN,NaN,NaN,NaN,NaN,NaN,4.876361053,1.006878295,0.620833333
01-Apr-56,NaN,0.65773,0.154695642,0.933174103,1.331616063,0.512520496,NaN,NaN,NaN,NaN,NaN,NaN,4.533204942,0.577509995,0.673333333
01-Jul-56,NaN,1.03563,-0.391066896,0.037505883,0.26069377,-0.415640991,NaN,NaN,NaN,NaN,NaN,NaN,4.561652669,1.278367925,0.7025
01-Oct-56,NaN,0.85418,1.292666411,-0.523860374,1.260954243,1.333295832,NaN,NaN,NaN,NaN,NaN,NaN,4.362804544,0.38340665,0.731666667
01-Jan-57,NaN,0.82275,-0.092419674,-0.796952593,0.032331922,0.344246291,NaN,NaN,NaN,NaN,NaN,NaN,4.079324889,1.403442921,0.733333333
01-Apr-57,NaN,0.85203,-0.16124578,-1.404360761,0.31100397,-0.538321164,NaN,NaN,NaN,NaN,NaN,NaN,3.090509014,0.681911989,0.75
01-Jul-57,NaN,0.89243,0.666621175,0.638635102,0.72359252,0.627411213,NaN,NaN,NaN,NaN,NaN,NaN,2.709702219,0.592882189,0.808333333
01-Oct-57,NaN,0.48355,0.189812524,-1.82673256,1.327621061,-1.451022208,NaN,NaN,NaN,NaN,NaN,NaN,0.914083439,0.009934433,0.813333333
01-Jan-58,NaN,1.18545,-1.596477212,-8.746672495,-0.7231704,-3.080401279,NaN,NaN,NaN,NaN,NaN,NaN,-1.043995992,1.096632211,0.465833333
01-Apr-58,NaN,0.67278,0.418637603,-2.927741079,0.519412357,0.327354028,NaN,NaN,NaN,NaN,NaN,NaN,-1.510704023,0.313925799,0.235
01-Jul-58,NaN,-0.05761,0.792714101,0.487870888,0.731941961,2.007720255,NaN,NaN,NaN,NaN,NaN,NaN,-0.948624119,0.654107575,0.330833333
01-Oct-58,NaN,0.10376,0.381989135,5.335826619,0.521658237,1.891950277,NaN,NaN,NaN,NaN,NaN,NaN,-0.021196498,0.499891842,0.540833333
01-Jan-59,NaN,0.17275,1.906707654,5.523110484,0.603980057,1.516223642,NaN,NaN,NaN,NaN,NaN,NaN,0.640648355,0.232108421,0.6425
01-Apr-59,NaN,0.17245,1.547480198,3.163464723,1.010072897,2.226258435,NaN,NaN,NaN,NaN,NaN,NaN,1.871241888,0,0.770833333
01-Jul-59,NaN,0.51647,1.038886018,0.996146604,0.433762409,-0.432872323,NaN,NaN,NaN,NaN,NaN,NaN,1.364700943,0.236389622,0.894166667
01-Oct-59,NaN,0.60516,-0.084063806,-1.925437463,0.54653878,0.034032885,NaN,NaN,NaN,NaN,NaN,NaN,0.888796238,0.418340235,0.9975
01-Jan-60,NaN,0.0908,-0.007265581,2.412843712,1.647845674,1.521110809,NaN,NaN,NaN,NaN,NaN,NaN,0.428417832,0.435709674,0.983333333
01-Apr-60,NaN,0.60098,1.129024378,-2.443183756,0.242223774,-0.781887188,NaN,NaN,NaN,NaN,NaN,NaN,1.491496402,0.348158215,0.924166667
01-Jul-60,NaN,0.05636,-0.699488697,-3.482968596,0.186104428,-0.162716022,NaN,NaN,NaN,NaN,NaN,NaN,1.215828257,0.380156322,0.734166667
01-Oct-60,NaN,0.64211,-0.075591271,-1.319363212,0.139255904,-1.655121953,NaN,NaN,NaN,NaN,NaN,NaN,0.168511876,0.293630332,0.574166667
01-Jan-61,NaN,0.20148,-0.432264101,-2.081271995,0.670078871,0.236514944,NaN,NaN,NaN,NaN,NaN,NaN,-0.549960541,0.217298966,0.500833333
01-Apr-61,NaN,-0.03351,0.946719619,1.100563692,1.191507377,1.540051653,NaN,NaN,NaN,NaN,NaN,NaN,-1.111853872,0.212119149,0.433333333
01-Jul-61,NaN,0.39111,0.231867723,1.654098931,0.43076914,1.300793253,NaN,NaN,NaN,NaN,NaN,NaN,-1.181470723,0.310296441,0.420833333
01-Oct-61,NaN,0.1447,1.609840958,2.753041365,0.371788632,1.864690607,NaN,NaN,NaN,NaN,NaN,NaN,-0.50332087,0.337410695,0.6
01-Jan-62,NaN,0.38902,0.755469055,1.529510424,1.023927019,1.623495308,NaN,NaN,NaN,NaN,NaN,NaN,-0.291247263,0.587743086,0.614166667
01-Apr-62,NaN,0.37644,1.045358258,2.559992334,0.505533701,0.717578585,NaN,NaN,NaN,NaN,NaN,NaN,0.104052581,0.148719644,0.651666667
01-Jul-62,NaN,0.28679,0.375881616,0.026575756,0.447283264,0.459574318,NaN,NaN,NaN,NaN,NaN,NaN,0.059645443,0.241198688,0.711666667
01-Oct-62,NaN,0.24197,0.80795205,-1.479457335,0.623656569,-0.317507694,NaN,NaN,NaN,NaN,NaN,NaN,-0.758718596,0.314538397,0.730833333
01-Jan-63,NaN,0.31819,0.249057539,0.48754524,0.734897058,0.812986171,NaN,NaN,NaN,NaN,NaN,NaN,-0.868039345,0.226040922,0.741666667
01-Apr-63,NaN,0.18593,0.457708764,3.700714905,0.322908468,0.808603271,NaN,NaN,NaN,NaN,NaN,NaN,-0.376860299,0.197942385,0.740833333
01-Jul-63,NaN,0.61135,1.221677785,1.65666385,0.823691727,1.454269836,NaN,NaN,NaN,NaN,NaN,NaN,-0.523163535,0.197551347,0.8325
01-Oct-63,NaN,0.27127,0.042734575,2.136736678,0.394297319,0.352997846,NaN,NaN,NaN,NaN,NaN,NaN,-0.306005754,0.745333705,0.863333333
01-Jan-64,NaN,0.41121,1.711060438,2.691844642,-0.363076416,1.796359209,NaN,NaN,NaN,NaN,NaN,NaN,0.783450542,0.295676518,0.865833333
01-Apr-64,NaN,0.16166,1.320887802,-0.031598581,0.832606796,0.755169413,NaN,NaN,NaN,NaN,NaN,NaN,1.742842342,0.258568041,0.8725
01-Jul-64,NaN,0.22595,1.332090224,0.929263851,0.919662612,0.924849377,NaN,NaN,NaN,NaN,NaN,NaN,1.213237022,0.393371972,0.864166667
01-Oct-64,NaN,0.46162,-0.313577724,0.888912605,0.244080726,-0.170734635,NaN,NaN,NaN,NaN,NaN,NaN,1.23412444,0.495161939,0.894166667
01-Jan-65,NaN,0.3099,1.59260985,3.494699305,-0.114875367,2.008323989,NaN,NaN,NaN,NaN,NaN,NaN,2.060710604,0.506126089,0.993333333
01-Apr-65,NaN,0.63918,0.752581486,2.19017045,0.233906696,0.937676504,NaN,NaN,NaN,NaN,NaN,NaN,2.463448966,0.432428287,1.019166667
01-Jul-65,NaN,0.29639,1.380797819,2.147423124,0.67216448,1.676256479,NaN,NaN,NaN,NaN,NaN,NaN,2.53196131,0.368537149,1.018333333
01-Oct-65,NaN,0.5277,2.116245977,2.413697517,0.830353938,2.05601747,NaN,NaN,NaN,NaN,NaN,NaN,2.881827258,0.636185048,1.041666667
01-Jan-66,NaN,0.93438,1.3145724,2.270312769,1.089013684,2.147427361,NaN,NaN,NaN,NaN,NaN,NaN,3.309602661,0.649666479,1.139166667
01-Apr-66,NaN,0.90493,-0.043770979,-0.697561707,0.7239811,0.065964686,NaN,NaN,NaN,NaN,NaN,NaN,3.318137332,0.8409086,1.228333333
01-Jul-66,NaN,0.86589,0.580089313,-1.418339854,0.36630276,0.371337433,NaN,NaN,NaN,NaN,NaN,NaN,3.330176114,1.048802208,1.3525
01-Oct-66,NaN,0.81758,-0.025050338,-3.09029023,0.437601423,0.502367855,NaN,NaN,NaN,NaN,NaN,NaN,3.345167596,0.914614462,1.390833333
01-Jan-67,NaN,0.25342,0.086399865,-2.698476362,0.826745768,0.551218405,NaN,NaN,NaN,NaN,NaN,NaN,2.370116409,0.45418929,1.205833333
01-Apr-67,NaN,0.60667,0.901536358,2.022692605,1.097782717,-0.368192672,NaN,NaN,NaN,NaN,NaN,NaN,1.933319834,0.544845392,0.9975
01-Jul-67,NaN,1.00503,-0.036067005,0.134124499,0.413374877,0.298466668,NaN,NaN,NaN,NaN,NaN,NaN,2.305064768,0.980810948,0.973333333
01-Oct-67,NaN,1.09453,-0.102115651,2.793397764,0.322578316,0.299893664,NaN,NaN,NaN,NaN,NaN,NaN,2.476208358,1.103379371,1.043333333
01-Jan-68,NaN,0.98425,1.931204699,1.919229787,1.695164255,1.649349191,NaN,NaN,NaN,NaN,NaN,NaN,1.59437588,1.087257105,1.196666667
01-Apr-68,NaN,0.97466,1.17216692,-0.994498066,0.617057299,1.344888528,NaN,NaN,NaN,NaN,NaN,NaN,2.560708533,1.043261812,1.495
01-Jul-68,NaN,1.35135,1.504781344,0.674764758,0.66785415,0.270479644,NaN,NaN,NaN,NaN,NaN,NaN,2.340691915,0.984517004,1.485833333
01-Oct-68,NaN,1.2381,-0.324477563,2.781470438,0.572855821,-0.054225975,NaN,NaN,NaN,NaN,NaN,NaN,1.904656103,1.405621713,1.479166667
01-Jan-69,NaN,1.22295,0.611787689,2.694529481,0.257383303,1.116951024,NaN,NaN,NaN,NaN,NaN,NaN,2.255467586,1.035547027,1.641666667
01-Apr-69,NaN,1.57993,0.224381845,-0.180085284,0.313752472,-0.12204437,NaN,NaN,NaN,NaN,NaN,NaN,2.272961492,1.287238618,2.081666667
01-Jul-69,NaN,1.37237,-0.15600244,0.637531509,0.347215841,0.191441724,NaN,NaN,NaN,NaN,NaN,NaN,2.339795679,1.430508234,2.245833333
01-Oct-69,NaN,1.5343,0.170294231,-2.983635936,0.641758616,-0.958862077,NaN,NaN,NaN,NaN,NaN,NaN,2.002999086,1.294186758,2.235
01-Jan-70,NaN,1.6,-0.16837834,-1.60005692,0.420552147,-0.685406487,NaN,NaN,NaN,NaN,NaN,NaN,1.313239462,1.418199497,2.143333333
01-Apr-70,NaN,1.39983,-0.332198226,-1.898891716,0.295721843,-0.345503029,NaN,NaN,NaN,NaN,NaN,NaN,-0.110611032,1.365559727,1.97
01-Jul-70,NaN,1.03538,0.484330725,0.103805404,0.90566705,0.316114908,NaN,NaN,NaN,NaN,NaN,NaN,-1.179069088,0.795283356,1.675833333
01-Oct-70,NaN,1.45175,-0.849223977,-0.616037354,-0.207577964,-1.661191009,NaN,NaN,NaN,NaN,NaN,NaN,-1.813581864,1.283013413,1.391666667
01-Jan-71,NaN,0.84175,0.779733908,1.862067816,0.519429077,2.177390872,NaN,NaN,NaN,NaN,NaN,NaN,-2.257379621,1.492168252,0.964166667
01-Apr-71,NaN,0.9182,0.176429525,3.573524316,0.250651729,-0.00678784,NaN,NaN,NaN,NaN,NaN,NaN,-2.555607684,1.303690065,1.140833333
01-Jul-71,NaN,0.99256,0.209813642,1.549465905,0.419109958,0.237171001,NaN,NaN,NaN,NaN,NaN,NaN,-2.586417988,1.005415556,1.368333333
01-Oct-71,NaN,0.7371,0.913289518,2.208362537,-0.018975983,-0.28133992,NaN,NaN,NaN,NaN,NaN,NaN,-1.897880393,0.797799167,1.1875
01-Jan-72,NaN,0.81301,-0.305452079,2.951250581,0.854089906,0.633677505,NaN,NaN,NaN,NaN,NaN,NaN,-1.701981758,1.553251876,0.885
01-Apr-72,NaN,0.64516,1.357153025,1.272132915,0.704766396,1.809477465,NaN,NaN,NaN,NaN,NaN,NaN,-1.437263997,0.595917398,1.075
01-Jul-72,NaN,0.80128,0.909001871,0.589379405,0.42854019,0.417873407,NaN,NaN,NaN,NaN,NaN,NaN,-1.349542053,0.966640422,1.185
01-Oct-72,NaN,1.03339,1.338641175,4.21105624,0.722248486,1.146156382,NaN,NaN,NaN,NaN,NaN,NaN,-1.292321768,1.320172863,1.285833333
01-Jan-73,NaN,1.57356,1.309038927,3.421215296,1.421712386,1.992765261,NaN,NaN,NaN,NaN,NaN,NaN,-0.904499239,1.193424464,1.634166667
01-Apr-73,NaN,2.0914,-0.184482837,0.527384408,0.015260638,0.633280441,NaN,NaN,NaN,NaN,NaN,NaN,-0.33278933,1.535538808,1.954166667
01-Jul-73,NaN,1.97269,-0.276160343,-0.619274137,-0.013218634,-1.049147355,NaN,NaN,NaN,NaN,NaN,NaN,-0.218233765,1.93045263,2.64
01-Oct-73,NaN,2.52976,-0.729801809,-2.208488527,0.197888049,0.44384551,NaN,NaN,NaN,NaN,NaN,NaN,0.03950349,1.961088995,2.499166667
01-Jan-74,NaN,2.97533,-0.351031406,-2.879316371,0.465079149,-1.382113444,NaN,NaN,NaN,NaN,NaN,NaN,-0.646468322,1.893411674,2.330833333
01-Apr-74,NaN,2.67794,0.308690238,-1.37849792,0.275891699,-0.219386958,NaN,NaN,NaN,NaN,NaN,NaN,-1.300735098,2.32768364,2.8125
01-Jul-74,NaN,2.814,-0.326784574,-1.290833096,-0.071098394,-1.47382392,NaN,NaN,NaN,NaN,NaN,NaN,-1.807713163,2.896579151,3.0225
01-Oct-74,NaN,3.07076,-2.41406048,-5.341663748,-0.4136301,-0.893328101,NaN,NaN,NaN,NaN,NaN,NaN,-3.546117849,2.94765261,2.336666667
01-Jan-75,NaN,2.13731,-0.069573533,-5.643046534,0.496791444,-1.688651678,NaN,NaN,NaN,NaN,NaN,NaN,-6.288134605,2.271211892,1.575833333
01-Apr-75,NaN,1.20482,0.887962744,-1.112913993,0.480849635,0.256553072,NaN,NaN,NaN,NaN,NaN,NaN,-6.914020114,1.510796978,1.355
01-Jul-75,NaN,2.00501,0.867452326,1.207923996,-0.054998318,1.109523909,NaN,NaN,NaN,NaN,NaN,NaN,-6.356242863,1.841294266,1.54
01-Oct-75,NaN,1.84275,0.476061147,1.094404835,0.072068561,0.81125714,NaN,NaN,NaN,NaN,NaN,NaN,-5.904848349,1.743899305,1.353333333
01-Jan-76,NaN,1.14596,1.50419576,3.46950232,1.081037679,1.747691245,NaN,NaN,NaN,NaN,NaN,NaN,-4.682472755,1.099430754,1.206666667
01-Apr-76,NaN,0.89445,0.238752227,1.887492901,1.002633957,0.294544004,NaN,NaN,NaN,NaN,NaN,NaN,-4.804362926,1.064886795,1.299166667
01-Jul-76,NaN,1.59574,0.719080782,0.58188338,0.81527047,-0.00470312,NaN,NaN,NaN,NaN,NaN,NaN,-4.827072922,1.358699618,1.320833333
01-Oct-76,NaN,1.45433,0.612876752,4.310880981,0.293770007,0.270216056,NaN,NaN,NaN,NaN,NaN,NaN,-5.031362017,1.80848292,1.218333333
01-Jan-77,NaN,1.83486,0.868170999,3.679453372,0.10592855,0.763368041,NaN,NaN,NaN,NaN,NaN,NaN,-4.72501675,1.625738308,1.165
01-Apr-77,NaN,1.7455,0.332954624,5.390693504,0.52796841,1.476017957,NaN,NaN,NaN,NaN,NaN,NaN,-3.590732106,1.437130569,1.289166667
01-Jul-77,NaN,1.38351,0.754423907,1.845500533,0.74168618,1.285888871,NaN,NaN,NaN,NaN,NaN,NaN,-3.485527871,1.209607097,1.455
01-Oct-77,NaN,1.4738,0.307149574,1.322283417,-0.345216042,-0.454753001,NaN,NaN,NaN,NaN,NaN,NaN,-2.75673321,2.155230998,1.628333333
01-Jan-78,NaN,1.72136,0.331021455,0.795258492,1.359708467,-0.107518364,NaN,NaN,NaN,NaN,NaN,NaN,-2.947404129,1.47812146,1.689166667
01-Apr-78,NaN,2.27393,1.906486112,6.833026789,-0.099665864,3.432654045,NaN,NaN,NaN,NaN,NaN,NaN,-1.116854251,1.816895882,1.820833333
01-Jul-78,NaN,2.32678,0.069554093,2.654221089,0.226644346,0.523474876,NaN,NaN,NaN,NaN,NaN,NaN,-1.151315,1.643488897,2.025
01-Oct-78,NaN,2.32441,0.109078745,1.551379725,0.277637305,0.841241747,NaN,NaN,NaN,NaN,NaN,NaN,-0.705646794,2.094171184,2.395833333
01-Jan-79,NaN,2.51852,0.176087142,0.689026637,0.983756188,-0.253478971,NaN,NaN,NaN,NaN,NaN,NaN,-0.736669794,1.746723297,2.518333333
01-Apr-79,NaN,3.17919,-0.223523185,-1.061045006,-0.356852774,-0.325574798,NaN,NaN,NaN,NaN,NaN,NaN,-1.516716613,2.438893658,2.545
01-Jul-79,NaN,3.22129,0.823953212,1.638064656,0.07949758,0.260984202,NaN,NaN,NaN,NaN,NaN,NaN,-1.058579558,2.131709289,2.736666667
01-Oct-79,NaN,3.16599,0.162148155,-1.410598807,0.524663581,-0.223439343,NaN,NaN,NaN,NaN,NaN,NaN,-1.030855611,1.979675842,3.394166667
01-Jan-80,NaN,3.94564,0.270271441,-1.640266383,0.777722542,-0.106994466,NaN,NaN,NaN,NaN,NaN,NaN,-1.757448623,2.086958196,3.761666667
01-Apr-80,NaN,3.3741,-2.455066276,-9.386336906,0.397016627,-2.429084824,NaN,NaN,NaN,NaN,NaN,NaN,-3.813188327,2.186852857,3.171666667
01-Jul-80,NaN,1.87678,0.725263247,0.447779719,0.339592639,-0.581364139,NaN,NaN,NaN,NaN,NaN,NaN,-4.455806086,2.244578011,2.459166667
01-Oct-80,NaN,2.80336,0.69167018,2.958609412,-0.071160239,1.491658896,NaN,NaN,NaN,NaN,NaN,NaN,-3.835227694,2.731773129,3.963333333
01-Jan-81,NaN,2.76587,0.087455199,0.481814242,0.097144561,1.660109778,NaN,NaN,NaN,NaN,NaN,NaN,-3.344046938,2.546181145,4.1425
01-Apr-81,NaN,2.08491,-0.525979798,0.684579277,-0.137820359,-1.112880083,NaN,NaN,NaN,NaN,NaN,NaN,-3.554348319,1.862001003,4.445
01-Jul-81,NaN,2.785,-0.066706069,-0.430387424,0.436932913,0.864404597,NaN,NaN,NaN,NaN,NaN,NaN,-4.575647476,1.764269072,4.394166667
01-Oct-81,NaN,1.62572,-1.395896081,-0.591312594,-0.341786265,-1.593210725,NaN,NaN,NaN,NaN,NaN,NaN,-5.191667787,1.807808642,3.396666667
01-Jan-82,NaN,0.88873,0.259209385,-3.365881621,1.176687024,-1.948926379,NaN,NaN,NaN,NaN,NaN,NaN,-6.6966174,1.350974065,3.556666667
01-Apr-82,NaN,1.44468,-0.210999331,-3.893346094,-0.376114313,0.230702569,NaN,NaN,NaN,NaN,NaN,NaN,-6.364467622,1.206244391,3.628333333
01-Jul-82,6.94684,1.73671,0.626937882,-3.981451148,0.12080836,-0.669146054,5.9,6.7,7.5,7.8,5.8,1.45,-6.849146441,1.402592245,2.751666667
01-Oct-82,1.22908,0.30727,1.535235627,-1.394659559,0.229284631,-0.21451823,5.8,6,6.8,8,5,1.25,-7.639576302,1.072071349,2.321666667
01-Jan-83,0.27228,0.06807,0.751643603,0.604436006,0.167194643,0.960855169,5,6.1,6.25,6.7,4.2,1.05,-7.559290809,0.81871164,2.163333333
01-Apr-83,4.62584,1.15646,1.899656515,2.385749205,0.112211572,1.969899274,4.2,5.5,6,6,4.5,1.125,-6.834306945,0.719588995,2.200833333
01-Jul-83,3.90048,0.97512,1.768842453,4.355139982,-0.480915455,1.671867518,4.5,4.3,5.5,6,4.55,1.1375,-4.784659295,1.018648066,2.365
01-Oct-83,3.996,0.999,1.198465767,4.785153983,0.336407539,1.738961934,4.55,4.6,4.6,6,5,1.25,-4.059347636,0.752689273,2.3575
01-Jan-84,5.67096,1.41774,0.268183758,1.517904442,0.008163572,1.521872175,5,4.6,4.9,5,4.4,1.1,-3.101010646,1.242027574,2.421666667
01-Apr-84,3.77112,0.94278,1.275736047,3.355555198,0.118997624,1.452048407,4.4,5,4.5,4.9,5,1.25,-1.859830942,0.859589207,2.639166667
01-Jul-84,3.47828,0.86957,0.47772182,1.355837133,0.570924061,0.70069361,5,4.85,5.1,4.5,4.4,1.1,-2.167015984,0.796357825,2.8475
01-Oct-84,3.44828,0.86207,1.000274549,1.123087827,0.128124802,0.514695395,4.4,5.25,4.8,5.5,4.1,1.025,-2.010070246,0.63372126,2.316666667
01-Jan-85,3.67204,0.91801,1.396184492,-0.268256022,0.119553643,0.700584499,4.1,4.9,5.3,5.2,3.6,0.9,-1.531160417,1.119685974,2.119166667
01-Apr-85,3.63864,0.90966,0.856154666,0.588734069,0.217575282,0.61147871,3.6,4.3,5.2,5.65,4,1,-1.522012878,0.569555629,1.980833333
01-Jul-85,2.4868,0.6217,1.84278817,-1.068423797,0.979673411,1.289574167,4,4,4.6,5.3,3.9,0.975,-1.621924748,0.413235587,1.975
01-Oct-85,4.07784,1.01946,0.071018174,1.589075981,1.091806545,0.469374989,3.9,4.3,4.2,4.7,3.5,0.875,-1.329308209,0.643704007,2.025833333
01-Jan-86,2.07952,0.51988,0.544178039,-0.406613186,0.82986839,0.458668531,3.5,4.2,4.65,4.7,3.2,0.8,-1.390020796,0.515110298,1.956666667
01-Apr-86,-1.94708,-0.48677,0.326252498,-0.270817564,0.329427935,0.121088068,3.2,3.7,4.4,4.45,2.6,0.65,-1.789827249,0.512470504,1.73
01-Jul-86,2.44572,0.61143,1.605278939,-0.56433617,0.394951382,0.667996503,2.6,3.5,4,4.5,3.3,0.825,-1.659684544,0.577082639,1.551666667
01-Oct-86,2.79552,0.69888,0.400089734,0.399036825,0.996462382,0.210244767,3.3,3.4,3.65,4.2,3.35,0.8375,-1.347835811,0.651695383,1.566666667
01-Jan-87,4.828,1.207,-0.009234052,-2.854735809,-0.668860768,0.306036045,3.35,3.5,3.7,4,3.5,0.875,-0.560970092,0.822833289,1.555
01-Apr-87,4.53192,1.13298,1.381032387,1.063417898,0.413547993,0.805451618,3.5,3.5,3.5,3.95,4.35,1.0875,-0.136761237,0.543445951,1.6625
01-Jul-87,4.24528,1.06132,1.122968502,1.28016825,0.273548988,0.635879762,4.35,4,3.75,3.7,4.3,1.075,0.182937802,0.742278214,1.710833333
01-Oct-87,3.73396,0.93349,0.119619758,-0.165882686,0.509806395,1.484970224,4.3,4.4,4.1,3.9,4.5,1.125,0.704262094,0.723288742,1.729166667
01-Jan-88,3.1214,0.78035,1.393031924,-0.360525848,0.726280717,0.215328369,4.5,4.6,4.25,4,3.95,0.9875,0.32906727,0.846886478,1.665833333
01-Apr-88,4.58848,1.14712,0.632957497,1.361832625,0.172879128,1.034501456,3.95,4.2,4.5,4.45,4.35,1.0875,0.829350158,0.951390552,1.789166667
01-Jul-88,4.87668,1.21917,0.662890954,-0.509296492,0.020217565,0.287225645,4.35,4.05,4.3,4.6,4.9,1.225,0.952311741,1.110674976,1.995833333
01-Oct-88,4.36976,1.09244,1.169743752,0.991736088,-0.140699422,1.088355755,4.9,4.6,4.2,4.5,4.85,1.2125,1.716998974,0.747126528,2.1175
01-Jan-89,4.5442,1.13605,0.147636797,0.089448068,-0.80022149,0.729802797,4.85,5,4.65,4.6,5,1.25,2.36360954,1.125151216,2.360833333
01-Apr-89,6.46576,1.61644,0.594718841,-0.433412547,-0.693129427,0.435507733,5,4.85,5.1,4.7,5.05,1.2625,2.561672891,0.954440743,2.431666667
01-Jul-89,3.12752,0.78188,0.648556419,1.216107461,0.10539597,0.483145825,5.05,4.85,4.9,4.9,4.6,1.15,2.742482731,0.706096329,2.270833333
01-Oct-89,4.06636,1.01659,0.371275472,-2.057685574,0.6077486,0.030717298,4.6,5,4.85,5,4.2,1.05,2.376924038,0.689814743,2.153333333
01-Jan-90,6.8856,1.7214,0.290621072,-0.183085723,0.699652736,0.348174214,4.2,4.7,5,4.7,4.3,1.075,2.391349477,1.18900024,2.0625
01-Apr-90,3.95732,0.98933,0.038631142,-3.385681661,0.957219072,0.044837842,4.3,4.2,4.65,4.6,4,1,1.543676225,1.15781262,2.060833333
01-Jul-90,6.909,1.72725,0.543259065,-1.572822723,0.635359563,-0.223814218,4,4.2,4.2,4.65,5,1.25,0.655057441,0.881591585,2.04
01-Oct-90,6.79168,1.69792,-0.449797987,-3.292285628,0.107208572,-1.029589442,5,4,4.4,4.3,5.35,1.3375,0.015113545,0.746920164,1.935833333
01-Jan-91,2.99028,0.74757,-1.072199927,-4.154158886,-0.352349579,-0.723666538,5.35,4.5,4.5,4.5,3.45,0.8625,-1.025583949,1.178805028,1.606666667
01-Apr-91,2.37448,0.59362,0.578987771,-1.006024814,1.194304056,0.444640988,3.45,4.2,4.1,4.3,3.75,0.9375,-1.426741932,0.642468135,1.465833333
01-Jul-91,3.04892,0.76223,0.186237785,-0.664427243,0.367981911,0.238358105,3.75,3.6,4.15,4.2,3.6,0.9,-1.591106828,0.706817129,1.410833333
01-Oct-91,3.31868,0.82967,-0.094296526,-0.948322467,0.55332406,0.19106927,3.6,3.8,3.7,4.35,3.4,0.85,-1.839788568,0.522452473,1.204166667
01-Jan-92,2.71056,0.67764,1.5804544,0.019460126,1.287863674,0.809697596,3.4,3.9,4,3.9,3.2,0.8,-1.77729344,0.602598254,1.005833333
01-Apr-92,3.07692,0.76923,0.443792178,3.128034298,0.235491188,0.735008527,3.2,3.5,3.79,3.8,3.35,0.8375,-1.357342711,0.545632523,0.9425
01-Jul-92,3.05344,0.76336,0.963756809,0.940311071,1.037189916,0.707295463,3.35,3.4,3.6,3.8,3.3,0.825,-1.375815659,0.451468035,0.814166667
01-Oct-92,3.5038,0.87595,0.96183429,2.507440013,-0.130250778,0.789754758,3.3,3.5,3.5,3.7,3.1,0.775,-1.41198768,0.517255443,0.759166667
01-Jan-93,2.91012,0.72753,-0.152850243,0.105435072,-0.602317762,-0.131793818,3.1,3.2,3.55,3.5,3.1,0.775,-1.209647844,0.776031731,0.76
01-Apr-93,2.88908,0.72227,0.746927848,1.734061071,-0.185955925,0.274167589,3.1,3.2,3.4,3.7,3.2,0.8,-0.514884096,0.549186415,0.75
01-Jul-93,1.85056,0.46264,0.735887917,1.312335557,-0.010300247,0.248790458,3.2,3.25,3.3,3.4,3.3,0.825,-0.237311819,0.429962192,0.765
01-Oct-93,3.31568,0.82892,0.60315453,3.677771377,-0.162701822,1.053611216,3.3,3.3,3.2,3.4,3,0.75,-0.026397769,0.527004508,0.7475
01-Jan-94,2.0096,0.5024,0.655235583,0.988726764,0.523749124,0.774516205,3,3.3,3.5,3.3,3.1,0.775,0.104796655,0.604650922,0.803333333
01-Apr-94,2.2722,0.56805,0.619042543,2.057680346,-0.633097408,1.073377883,3.1,3.02,3.3,3.5,3.2,0.8,1.07266254,0.418867444,0.985
01-Jul-94,3.70536,0.92634,0.692356232,0.478613457,-0.696264752,0.290319052,3.2,3.15,3.05,3.3,3.3,0.825,1.3620163,0.638285893,1.121666667
01-Oct-94,2.3282,0.58205,0.695674209,2.185131925,0.098804334,0.886988357,3.3,3.3,3.25,3.05,3.5,0.875,2.091266863,0.465060734,1.291666667
01-Jan-95,2.93792,0.73448,-0.136296754,1.897453917,0.139173751,0.135120406,3.5,3.3,3.3,3.3,3.3,0.825,2.069141541,0.633489257,1.4525
01-Apr-95,3.27,0.8175,0.810579301,-0.612951072,0.209928593,-0.030296392,3.3,3.35,3.3,3.3,3.5,0.875,1.325316281,0.358800531,1.505
01-Jul-95,2.0162,0.50405,0.56676403,0.729755735,0.147520599,0.553798382,3.5,3.35,3.4,3.4,3.2,0.8,1.740174737,0.46701651,1.449166667
01-Oct-95,2.18056,0.54514,0.345964235,1.305829438,0.417091462,0.455169317,3.2,3.5,3.45,3.45,2.9,0.725,1.515209388,0.479943847,1.43
01-Jan-96,3.55672,0.88918,0.644676223,1.320635083,0.360523908,0.49059778,2.9,3.3,3.6,3.55,2.7,0.675,0.710761289,0.639577373,1.340833333
01-Apr-96,3.4394,0.85985,1.113759072,2.29193665,0.594946763,1.374034482,2.7,2.9,3.3,3.5,2.8,0.7,1.235986531,0.354035677,1.310833333
01-Jul-96,2.3018,0.57545,0.438904498,1.993071813,0.430741002,0.550585561,2.8,2.7,3,3.3,2.9,0.725,1.830793135,0.311284298,1.326666667
01-Oct-96,3.47532,0.86883,0.664410645,0.76650439,-0.114117606,0.859941188,2.9,2.7,2.8,3,3.1,0.775,2.290097365,0.529722419,1.32
01-Jan-97,2.43696,0.60924,0.427418927,0.676124457,-0.030769499,0.305518305,3.1,3.1,3,2.9,3,0.75,2.69719055,0.637455722,1.319166667
01-Apr-97,0.91876,0.22969,0.277934657,1.632628184,0.62023279,1.291772942,3,3,3,3,2.8,0.7,3.129759798,0.159781386,1.380833333
01-Jul-97,2,0.5,1.294399793,3.192486048,0.637207893,0.975696267,2.8,3,3,3.01,2.8,0.7,3.42930711,0.343924005,1.383333333
01-Oct-97,2.15588,0.53897,0.755759479,0.090134152,1.389835303,0.455419839,2.8,3,3.1,3,2.5,0.625,3.455113596,0.326053168,1.376666667
01-Jan-98,0.82476,0.20619,0.697280372,1.968769206,1.616485396,0.875217173,2.5,2.7,3.1,3.15,2,0.5,3.480101886,0.253210858,1.38
01-Apr-98,1.31688,0.32922,1.327099975,2.260358076,1.198791715,0.409786836,2,2.6,3,3.1,2.3,0.575,3.360698131,0.166373818,1.375
01-Jul-98,2.05088,0.51272,0.885312028,0.704141207,1.273805072,0.863268913,2.3,2.3,2.7,2.9,2.4,0.6,3.043819859,0.364015771,1.383333333
01-Oct-98,1.87716,0.46929,1.063089632,2.19016256,0.166870327,1.20885323,2.4,2.4,2.4,2.6,2.15,0.5375,4.183033133,0.345159333,1.215
01-Jan-99,1.46224,0.36556,0.462499469,0.942232528,1.428391908,0.46862716,2.15,2.5,2.5,2.35,2,0.5,4.140891272,0.405638303,1.183333333
01-Apr-99,2.99472,0.74868,1.573286937,1.796865293,0.045480698,0.555612238,2,2.3,2.5,2.6,2.2,0.55,4.120027006,0.354868528,1.186666667
01-Jul-99,2.97248,0.74312,0.949492131,1.115654011,0.516556496,0.866109684,2.2,2.2,2.4,2.5,2.3,0.575,4.212780666,0.346472008,1.273333333
01-Oct-99,2.95056,0.73764,1.099101075,-0.072445681,1.588656148,1.465393792,2.3,2.2,2.25,2.4,2.5,0.625,4.319293808,0.426583151,1.326666667
01-Jan-00,3.95804,0.98951,0.122946015,0.944866025,2.57472094,-1.180517255,2.5,2.315,2.2,2.25,2.45,0.6125,4.338136017,0.895080034,1.419166667
01-Apr-00,3.1354,0.78385,0.417638062,1.886438543,-0.165014625,1.290227267,2.45,2.5,2.4,2.2,2.5,0.625,4.025674556,0.430017441,1.568333333
01-Jul-00,3.65544,0.91386,0.58993084,-0.524245043,1.44591196,-0.433010732,2.5,2.4,2.5,2.5,2.75,0.6875,3.353602667,0.513990852,1.63
01-Oct-00,2.85164,0.71291,0.578441118,-0.298732183,0.164036726,0.217694989,2.75,2.6,2.5,2.6,2.8,0.7,3.205129044,0.405126845,1.618333333
01-Jan-01,3.82628,0.95657,0.161646627,-1.783473121,0.837919507,-0.376035972,2.8,2.8,2.7,2.5,2.5,0.625,2.723203136,0.803392005,1.398333333
01-Apr-01,2.80464,0.70116,-0.172709114,-2.882280408,-0.174314768,0.010706341,2.5,2.7,2.7,2.625,2.5,0.625,1.605159524,0.759832841,1.081666667
01-Jul-01,1.12908,0.28227,-0.149230348,-1.33187658,0.130672459,-0.67139392,2.5,2.5,2.6,2.6,2.5,0.625,0.625337382,0.412830521,0.874166667
01-Oct-01,-0.30024,-0.07506,1.002516954,-3.607608008,0.226143738,0.074263369,2.5,2.5,2.4,2.6,1.9,0.475,-0.283966773,0.50129801,0.533333333
01-Jan-02,1.277,0.31925,-0.03873655,-2.334976233,1.205988793,0.421021183,1.9,2.6,2.55,2.55,2,0.5,-0.561734868,0.364676186,0.433333333
01-Apr-02,3.14488,0.78622,0.668568229,-0.834598737,0.692398786,0.293870969,2,2.1,2.6,2.5,2.2,0.55,-0.268692612,0.356616572,0.4375
01-Jul-02,2.15452,0.53863,0.320276487,-0.807326331,0.134536413,0.282154198,2.2,2.1,2.15,2.7,2.1,0.525,-0.422665906,0.374521483,0.435
01-Oct-02,2.36468,0.59117,-0.101978966,-0.480726012,-0.574089064,-0.258916152,2.1,2.2,2.3,2.45,2.2,0.55,-0.875858889,0.553446104,0.360833333
01-Jan-03,4.11388,1.02847,-0.271567953,-0.872769616,0.601367561,-0.463337931,2.2,2.25,2.5,2.4,2.1,0.525,-1.500755381,0.775768142,0.3125
01-Apr-03,-0.65444,-0.16361,0.485740334,1.756032907,1.279335376,0.599115626,2.1,2.15,2.4,2.5,1.815,0.45375,-1.604471705,0.319190397,0.311666667
01-Jul-03,2.98616,0.74654,1.150926087,2.672014632,0.795033426,1.471162771,1.815,2,2.2,2.4,1.4,0.35,-2.134503565,0.516286712,0.254166667
01-Oct-03,1.51816,0.37954,0.044314623,1.33545454,0.310492878,0.310117975,1.4,2.055,2.2,2.2,2.1,0.525,-1.796297514,0.54162648,0.249166667
01-Jan-04,3.38496,0.84624,0.956771907,-0.055296678,-0.961155824,0.649852531,2.1,1.95,2.2,2.2,1.5,0.375,-1.472715832,0.914732541,0.250833333
01-Apr-04,3.14228,0.78557,0.390911173,3.026007171,0.350120719,0.622310731,1.5,2,1.9,2.3,2.2,0.55,-1.918146041,0.92292917,0.2525
01-Jul-04,2.55092,0.63773,0.466187068,2.287208336,0.859708651,0.567718277,2.2,1.5,2.2,2.05,2.3,0.575,-1.743671783,0.561719695,0.358333333
01-Oct-04,4.295,1.07375,0.65556974,1.593270137,0.380640696,0.29998703,2.3,2,1.71,2.2,2.3,0.575,-1.618286416,0.796506134,0.4875
01-Jan-05,2.0202,0.50505,-0.221270135,1.173935161,-0.407750404,0.457024135,2.3,2.3,2.1275,1.8,2.2,0.55,-1.824794691,0.983661657,0.6175
01-Apr-05,2.70316,0.67579,0.71935076,2.061213883,0.059716928,0.361995825,2.2,2.2,2.3,2.2,2.3,0.575,-1.126014014,0.51849423,0.735833333
01-Jul-05,6.05852,1.51463,0.747464596,1.259932132,0.471343333,0.61333296,2.3,2.2,2.244,2.3,2.449,0.61225,-1.052431967,0.993746387,0.865
01-Oct-05,3.73008,0.93252,-0.108006022,0.694710606,-0.002970447,-0.014700937,2.449,2.4,2.3,2.308,2.429,0.60725,-0.928306742,0.927228093,0.995
01-Jan-06,2.083,0.52075,0.354085299,2.099257821,0.23005192,0.926558928,2.429,2.4,2.4,2.3,2.5,0.625,-0.498993391,0.876306367,1.114166667
01-Apr-06,3.60964,0.90241,0.521507367,-0.772868017,-0.364487498,0.36789375,2.5,2.343,2.5,2.4,2.5518,0.63795,-0.485997419,0.676301909,1.226666667
01-Jul-06,3.77608,0.94402,0.323117438,-1.855916278,-0.118650358,-0.12262999,2.5518,2.5,2.4,2.4,2.7705,0.692625,-0.202080983,0.676882425,1.311666667
01-Oct-06,-1.64068,-0.41017,-0.063720255,-2.037353195,1.640872791,0.055376253,2.7705,2.4406,2.418,2.4,2.8,0.7,0.214927263,0.532280818,1.311666667
01-Jan-07,3.9216,0.9804,0.334696502,-1.920743839,-0.016473494,-0.396529858,2.8,2.7,2.3038,2.3,2.6,0.65,-0.14673555,1.034282187,1.314166667
01-Apr-07,4.5302,1.13255,0.608929575,-0.086931825,-0.169724051,0.89062362,2.6,2.6493,2.55,2.25,2.5,0.625,-0.560916695,0.495592265,1.3125
01-Jul-07,2.53204,0.63301,0.42340299,-1.020788181,0.694566745,0.848743807,2.5,2.5253,2.5262,2.4929,1.9572,0.4893,-0.971827024,0.375714298,1.268333333
01-Oct-07,4.90656,1.22664,0.360906259,-2.229702703,0.466195075,-0.355523989,1.9572,2.3099,2.4,2.4967,2.9,0.725,-1.221285995,0.619757737,1.124166667
01-Jan-08,4.33276,1.08319,0.525898634,-2.087212623,0.281741513,0.272549464,2.9,2.3123,2.4267,2.3,2.4151,0.603775,-1.345975242,0.63157844,0.794166667
01-Apr-08,5.20376,1.30094,0.774999937,-0.798599683,0.105528993,0.437700057,2.4151,2.4179,2.35,2.5,3.2,0.8,-1.739082487,0.313889443,0.521666667
01-Jul-08,6.16752,1.54188,-1.000293322,-2.044240655,0.442561348,-0.426774685,3.2,2.5,2.25,2.295,2.8934,0.72335,-2.869275627,0.952053765,0.485
